{
  "metric_means": {
    "answer_relevancy": 0.9139452303799649,
    "context_precision": 0.897222222198021,
    "context_recall": 0.7956521739130435,
    "faithfulness": 0.968212739641311
  },
  "num_samples": 25
}