{
  "metric_means": {
    "answer_relevancy": 0.9116668135456759,
    "context_precision": 0.902976190453125,
    "context_recall": 0.7694444444444445,
    "faithfulness": 0.9234154734154733
  },
  "num_samples": 25
}